Model,Start Date,End Date,Average Sharpe Ratio,Average Return,Volatility,Final Portfolio Value
"best_model_layers_2_seq_180_hunits[256, 148]_lr0.001_daydecay1_maxnorm1.pth",2017-01-03,2020-12-28,1.2377662891164796,0.0037767840962917,0.0220031662443432,2085842.584384457
"best_model_layers_2_seq_365_hunits[32, 148]_lr0.001_daydecay10_maxnorm8.pth",2017-01-03,2020-12-28,1.1977335177514303,0.004137197869404,0.0249085106725255,2216572.180699225
"best_model_layers_3_seq_180_hunits[32, 64, 148]_lr0.001_daydecay5_maxnorm8.pth",2017-01-03,2020-12-28,1.1573519954746776,0.003831905388706,0.0238754180503917,2091421.5149083368
"best_model_layers_2_seq_60_hunits[64, 148]_lr0.001_daydecay1_maxnorm15.pth",2017-01-03,2020-12-28,1.1535402124002694,0.0038271154821567,0.0239243694492898,2088081.128504964
"best_model_layers_2_seq_180_hunits[256, 148]_lr0.001_daydecay2_maxnorm15.pth",2017-01-03,2020-12-28,1.1370617732366142,0.0037401591430528,0.023719618205591,2051978.0404705848
"best_model_layers_2_seq_180_hunits[256, 148]_lr0.001_daydecay5_maxnorm8.pth",2017-01-03,2020-12-28,1.1058731168188047,0.0035421765894476,0.0230975852939452,1976808.608095597
"best_model_layers_3_seq_60_hunits[32, 64, 148]_lr0.001_daydecay10_maxnorm3.pth",2017-01-03,2020-12-28,1.0810472741084431,0.0038066332776142,0.0253920652649438,2065178.0666412604
"best_model_layers_2_seq_180_hunits[256, 148]_lr0.001_daydecay10_maxnorm15.pth",2017-01-03,2020-12-28,1.0808181423968488,0.0032030473173029,0.0213703876484946,1856029.1821358849
"best_model_layers_2_seq_30_hunits[64, 148]_lr0.001_daydecay10_maxnorm1.pth",2017-01-03,2020-12-28,1.0589825982774403,0.0036045205790672,0.0245448485979505,1989434.766271916
"best_model_layers_2_seq_180_hunits[64, 148]_lr0.001_daydecay10_maxnorm1.pth",2017-01-03,2020-12-28,1.0342915332973244,0.0035079348101718,0.0244573960472009,1949866.8324267883
"best_model_layers_3_seq_180_hunits[32, 64, 148]_lr0.001_daydecay10_maxnorm8.pth",2017-01-03,2020-12-28,1.0105849485440443,0.0030221871420396,0.0215650366065135,1786629.1413215562
"best_model_layers_3_seq_180_hunits[32, 64, 148]_lr0.001_daydecay2_maxnorm8.pth",2017-01-03,2020-12-28,1.0049242415594384,0.0033450748357737,0.0240034787536435,1889016.606266415
"best_model_layers_3_seq_180_hunits[32, 64, 148]_lr0.001_daydecay1_maxnorm15.pth",2017-01-03,2020-12-28,0.9995813459392356,0.0029461597461133,0.0212539581165123,1760439.0595009965
"best_model_layers_2_seq_30_hunits[32, 148]_lr0.001_daydecay5_maxnorm3.pth",2017-01-03,2020-12-28,0.9916586865685444,0.0031839276402601,0.0231527530990501,1833887.067749976
"best_model_layers_2_seq_180_hunits[64, 148]_lr0.001_daydecay1_maxnorm1.pth",2017-01-03,2020-12-28,0.9783902511956436,0.0030573649163347,0.0225339243930085,1791507.5560347356
"best_model_layers_2_seq_60_hunits[256, 148]_lr0.001_daydecay10_maxnorm1.pth",2017-01-03,2020-12-28,0.9767600349543568,0.003370549386097,0.0248836729660514,1891309.364213126
"best_model_layers_3_seq_180_hunits[32, 64, 148]_lr0.001_daydecay5_maxnorm1.pth",2017-01-03,2020-12-28,0.9643286652858182,0.0030022716565201,0.0224505291403884,1770593.2587619422
"best_model_layers_2_seq_30_hunits[32, 148]_lr0.001_daydecay1_maxnorm8.pth",2017-01-03,2020-12-28,0.9479987767743469,0.0030331331947449,0.0230720071099164,1778834.9494634413
"best_model_layers_2_seq_60_hunits[256, 148]_lr0.001_daydecay5_maxnorm8.pth",2017-01-03,2020-12-28,0.9452647402492458,0.002964206481229,0.0226129210242539,1756444.7271996709
"best_model_layers_2_seq_60_hunits[64, 148]_lr0.001_daydecay1_maxnorm1.pth",2017-01-03,2020-12-28,0.9385439323900984,0.0030665299153037,0.0235610299439376,1786694.0633710586
"best_model_layers_2_seq_60_hunits[256, 148]_lr0.001_daydecay5_maxnorm3.pth",2017-01-03,2020-12-28,0.9226933982104872,0.0029980651251481,0.023430703106507,1762304.5841336974
"best_model_layers_2_seq_365_hunits[256, 148]_lr0.001_daydecay1_maxnorm1.pth",2017-01-03,2020-12-28,0.92178619770264,0.0028769519333518,0.0225062986158786,1726186.3672818302
"best_model_layers_2_seq_60_hunits[64, 148]_lr0.001_daydecay1_maxnorm8.pth",2017-01-03,2020-12-28,0.90619471319218,0.0028581060507149,0.0227435622091982,1717250.377887508
"best_model_layers_2_seq_365_hunits[64, 148]_lr0.001_daydecay1_maxnorm15.pth",2017-01-03,2020-12-28,0.9045879467749548,0.0029131736428838,0.0232229425147556,1733492.336394057
"best_model_layers_3_seq_30_hunits[32, 64, 148]_lr0.001_daydecay2_maxnorm15.pth",2017-01-03,2020-12-28,0.9014948783988256,0.0031038143086315,0.0248275656522123,1789105.9250674816
"best_model_layers_2_seq_180_hunits[64, 148]_lr0.001_daydecay2_maxnorm3.pth",2017-01-03,2020-12-28,0.9004855982789092,0.002712092144258,0.0217184756948814,1674139.6806281018
"best_model_layers_2_seq_180_hunits[256, 148]_lr0.001_daydecay5_maxnorm15.pth",2017-01-03,2020-12-28,0.9000555119721999,0.003069943800407,0.0245959046701603,1779856.0424496036
"best_model_layers_3_seq_365_hunits[32, 64, 148]_lr0.001_daydecay10_maxnorm3.pth",2017-01-03,2020-12-28,0.8997755857569998,0.0026799646487049,0.021478133237427,1664592.153708713
"best_model_layers_2_seq_60_hunits[32, 148]_lr0.001_daydecay2_maxnorm3.pth",2017-01-03,2020-12-28,0.8978075148179976,0.0029314174328024,0.0235448594254658,1737266.7891116338
"best_model_layers_2_seq_365_hunits[256, 148]_lr0.001_daydecay10_maxnorm15.pth",2017-01-03,2020-12-28,0.8969739251837979,0.0030970843446693,0.024898597597146,1785348.7289700285
best_model_layers_1_seq_180_hunits[148]_lr0.001_daydecay10_maxnorm8.pth,2017-01-03,2020-12-28,0.89353356837174,0.0028059861508239,0.0226452084245113,1700194.532283068
"best_model_layers_2_seq_60_hunits[256, 148]_lr0.001_daydecay1_maxnorm3.pth",2017-01-03,2020-12-28,0.8927949026906036,0.002860161969396,0.0231015222101091,1715492.1356054556
"best_model_layers_2_seq_180_hunits[32, 148]_lr0.001_daydecay1_maxnorm8.pth",2017-01-03,2020-12-28,0.8889055198395727,0.0027062965693466,0.0219543940938804,1669714.7989909293
"best_model_layers_2_seq_60_hunits[256, 148]_lr0.001_daydecay2_maxnorm1.pth",2017-01-03,2020-12-28,0.8868033747975725,0.0031020018343434,0.0252241409723136,1785335.69408255
best_model_layers_1_seq_365_hunits[148]_lr0.001_daydecay2_maxnorm8.pth,2017-01-03,2020-12-28,0.880839995174519,0.0029054266059863,0.0237856243185359,1726207.048784581
"best_model_layers_3_seq_60_hunits[32, 64, 148]_lr0.001_daydecay2_maxnorm15.pth",2017-01-03,2020-12-28,0.8796971054091772,0.0028272759051117,0.0231759049406501,1702985.4773425704
"best_model_layers_2_seq_180_hunits[256, 148]_lr0.001_daydecay10_maxnorm8.pth",2017-01-03,2020-12-28,0.8759474148731607,0.0031513639000166,0.025943119270011,1797475.2275174302
"best_model_layers_2_seq_365_hunits[256, 148]_lr0.001_daydecay1_maxnorm8.pth",2017-01-03,2020-12-28,0.8752842995281579,0.0027516449965409,0.0226696563213815,1680551.5870031388
"best_model_layers_2_seq_180_hunits[64, 148]_lr0.001_daydecay2_maxnorm15.pth",2017-01-03,2020-12-28,0.8752594991553377,0.0027533338096248,0.0226842124847573,1681499.886449545
"best_model_layers_2_seq_365_hunits[64, 148]_lr0.0001_daydecay1_maxnorm3.pth",2017-01-03,2020-12-28,0.8721911418459786,0.0027251021527354,0.0225306015416973,1672512.7442178067
"best_model_layers_3_seq_180_hunits[32, 64, 148]_lr0.001_daydecay10_maxnorm3.pth",2017-01-03,2020-12-28,0.8717142075346399,0.0031100836997198,0.0257276207119272,1783438.9026960407
"best_model_layers_2_seq_180_hunits[32, 148]_lr0.001_daydecay10_maxnorm15.pth",2017-01-03,2020-12-28,0.8660577250970927,0.0029216912787188,0.0243270336635261,1728372.5099378591
"best_model_layers_2_seq_60_hunits[64, 148]_lr0.001_daydecay2_maxnorm1.pth",2017-01-03,2020-12-28,0.862640320019596,0.0027143603551551,0.0226902573725656,1667420.1488758237
"best_model_layers_2_seq_60_hunits[256, 148]_lr0.001_daydecay1_maxnorm1.pth",2017-01-03,2020-12-28,0.8614880934148106,0.0027655599447636,0.0231491723737927,1682100.399398034
"best_model_layers_2_seq_180_hunits[256, 148]_lr0.001_daydecay1_maxnorm3.pth",2017-01-03,2020-12-28,0.8612514948081955,0.0026956338305488,0.0225700531250372,1661864.1557835047
"best_model_layers_2_seq_30_hunits[64, 148]_lr0.001_daydecay5_maxnorm3.pth",2017-01-03,2020-12-28,0.8601311211411047,0.002892809363011,0.0242525173944212,1717591.799770456
"best_model_layers_2_seq_30_hunits[256, 148]_lr0.001_daydecay2_maxnorm15.pth",2017-01-03,2020-12-28,0.859038813272221,0.0028484158397044,0.0239106992727781,1704558.3928814454
"best_model_layers_3_seq_365_hunits[32, 64, 148]_lr0.001_daydecay10_maxnorm8.pth",2017-01-03,2020-12-28,0.8571112503677744,0.003009558718813,0.0253202096520001,1750860.2580830874
"best_model_layers_3_seq_180_hunits[32, 64, 148]_lr0.001_daydecay5_maxnorm3.pth",2017-01-03,2020-12-28,0.8566894880489733,0.0028991337457883,0.0244031834653962,1718731.2847363225
"best_model_layers_2_seq_60_hunits[32, 148]_lr0.001_daydecay2_maxnorm8.pth",2017-01-03,2020-12-28,0.8522618761733834,0.0027108720718002,0.0229370538078849,1664659.021687743
"best_model_layers_2_seq_180_hunits[32, 148]_lr0.001_daydecay2_maxnorm1.pth",2017-01-03,2020-12-28,0.8522438505151092,0.0027650514852513,0.023395967957635,1680005.2823650832
best_model_layers_1_seq_365_hunits[148]_lr0.001_daydecay5_maxnorm15.pth,2017-01-03,2020-12-28,0.8522144992403645,0.0026167212757425,0.0221416620855359,1637735.089739883
"best_model_layers_2_seq_365_hunits[32, 148]_lr0.001_daydecay2_maxnorm8.pth",2017-01-03,2020-12-28,0.8448270144657085,0.0026022967832346,0.0222121554478497,1632365.480677424
"best_model_layers_2_seq_30_hunits[256, 148]_lr0.001_daydecay2_maxnorm8.pth",2017-01-03,2020-12-28,0.8441495587443746,0.0031606497566916,0.0269996818537347,1791654.3396304958
"best_model_layers_2_seq_60_hunits[32, 148]_lr0.001_daydecay1_maxnorm3.pth",2017-01-03,2020-12-28,0.8433520949889483,0.0028032957447606,0.0239696482835127,1689048.5071083813
"best_model_layers_2_seq_365_hunits[64, 148]_lr0.001_daydecay2_maxnorm8.pth",2017-01-03,2020-12-28,0.8425049144930402,0.0026902605052203,0.0230262685215658,1656228.5739229664
"best_model_layers_2_seq_365_hunits[64, 148]_lr0.001_daydecay10_maxnorm8.pth",2017-01-03,2020-12-28,0.840388612455308,0.0031122428888925,0.0267051484308327,1775720.5357609272
"best_model_layers_3_seq_180_hunits[32, 64, 148]_lr0.001_daydecay5_maxnorm15.pth",2017-01-03,2020-12-28,0.840297537674736,0.0029389652104032,0.0252210420424094,1726649.830600359
"best_model_layers_2_seq_180_hunits[256, 148]_lr0.001_daydecay10_maxnorm1.pth",2017-01-03,2020-12-28,0.8393237545527931,0.0027260141217625,0.0234207208847332,1666200.785379322
"best_model_layers_2_seq_180_hunits[32, 148]_lr0.001_daydecay2_maxnorm8.pth",2017-01-03,2020-12-28,0.8345306239743105,0.0026137912545538,0.0225855304069542,1633315.0124764931
"best_model_layers_3_seq_60_hunits[32, 64, 148]_lr0.001_daydecay2_maxnorm3.pth",2017-01-03,2020-12-28,0.8315642350061023,0.0028182233355051,0.0244388787158422,1690607.9543162845
"best_model_layers_3_seq_180_hunits[32, 64, 148]_lr0.0001_daydecay1_maxnorm8.pth",2017-01-03,2020-12-28,0.8307938906805988,0.0026668079524312,0.0231472882074974,1647604.424063732
best_model_layers_1_seq_30_hunits[148]_lr0.001_daydecay2_maxnorm1.pth,2017-01-03,2020-12-28,0.8307565582270945,0.0026458037230884,0.0229660082582245,1641910.93787268
"best_model_layers_3_seq_365_hunits[32, 64, 148]_lr0.001_daydecay2_maxnorm8.pth",2017-01-03,2020-12-28,0.8305548727207397,0.0026612826968533,0.023105977791876,1645887.7713165018
"best_model_layers_3_seq_30_hunits[32, 64, 148]_lr0.001_daydecay1_maxnorm15.pth",2017-01-03,2020-12-28,0.8302936673715438,0.0027490174149418,0.0238752230354681,1670071.304635042
"best_model_layers_2_seq_30_hunits[256, 148]_lr0.001_daydecay10_maxnorm1.pth",2017-01-03,2020-12-28,0.8296039055475617,0.0026616517054502,0.0231356714626189,1646234.2993028944
"best_model_layers_2_seq_60_hunits[32, 148]_lr0.001_daydecay10_maxnorm1.pth",2017-01-03,2020-12-28,0.8265750577074944,0.0028464102482336,0.0248322956404627,1695869.324479815
"best_model_layers_3_seq_365_hunits[32, 64, 148]_lr0.001_daydecay2_maxnorm3.pth",2017-01-03,2020-12-28,0.8241557733906772,0.0027078455440031,0.0236927927223583,1658197.656255669
"best_model_layers_2_seq_30_hunits[32, 148]_lr0.001_daydecay10_maxnorm3.pth",2017-01-03,2020-12-28,0.8225439515233129,0.0027296459941254,0.0239303409318308,1663499.6666409867
"best_model_layers_2_seq_365_hunits[32, 148]_lr0.0001_daydecay1_maxnorm8.pth",2017-01-03,2020-12-28,0.8225415946764646,0.0025902900365334,0.0227086960841622,1625007.0106787095
"best_model_layers_2_seq_180_hunits[64, 148]_lr0.001_daydecay10_maxnorm15.pth",2017-01-03,2020-12-28,0.82240670373064,0.0026686095453276,0.0233991491222637,1646299.5230986783
"best_model_layers_3_seq_60_hunits[32, 64, 148]_lr0.001_daydecay2_maxnorm8.pth",2017-01-03,2020-12-28,0.8199100905421348,0.0028645848357229,0.0251940002379684,1699271.535357637
"best_model_layers_2_seq_30_hunits[64, 148]_lr0.001_daydecay1_maxnorm3.pth",2017-01-03,2020-12-28,0.8195033955633707,0.0026616336652424,0.0234206635591436,1643969.3800577703
best_model_layers_1_seq_365_hunits[148]_lr0.001_daydecay1_maxnorm8.pth,2017-01-03,2020-12-28,0.8169098241671112,0.0026439724792341,0.0233391203356231,1638533.195654592
"best_model_layers_2_seq_180_hunits[256, 148]_lr0.001_daydecay5_maxnorm3.pth",2017-01-03,2020-12-28,0.8165880128183811,0.0025757985615965,0.0227462897895082,1619629.7168033903
"best_model_layers_2_seq_30_hunits[256, 148]_lr0.001_daydecay10_maxnorm15.pth",2017-01-03,2020-12-28,0.814607248040217,0.0025927469613398,0.0229516300914442,1623445.4628595875
best_model_layers_1_seq_180_hunits[148]_lr0.0001_daydecay1_maxnorm1.pth,2017-01-03,2020-12-28,0.8144269784471266,0.0026180882624729,0.0231810873751637,1630755.313875992
best_model_layers_1_seq_180_hunits[148]_lr0.001_daydecay1_maxnorm8.pth,2017-01-03,2020-12-28,0.8139192323763035,0.0026096343500099,0.0231206490395909,1628411.326290772
"best_model_layers_2_seq_180_hunits[32, 148]_lr0.0001_daydecay1_maxnorm15.pth",2017-01-03,2020-12-28,0.8138098556789374,0.0026187029031066,0.0232041121804317,1630772.238110364
"best_model_layers_2_seq_60_hunits[32, 148]_lr0.001_daydecay5_maxnorm1.pth",2017-01-03,2020-12-28,0.812169376291289,0.0025067602088878,0.0222570629533224,1600419.6337867994
"best_model_layers_2_seq_60_hunits[256, 148]_lr0.001_daydecay2_maxnorm8.pth",2017-01-03,2020-12-28,0.8104538489239108,0.0026244768758031,0.0233515726022947,1632123.834448513
"best_model_layers_2_seq_180_hunits[256, 148]_lr0.0001_daydecay1_maxnorm8.pth",2017-01-03,2020-12-28,0.8100758011452612,0.0026098460880116,0.0232322305593908,1627660.8628792916
"best_model_layers_2_seq_60_hunits[32, 148]_lr0.0001_daydecay1_maxnorm15.pth",2017-01-03,2020-12-28,0.8088370277449237,0.0026035516783535,0.0232116946989833,1625853.9570740734
"best_model_layers_2_seq_180_hunits[256, 148]_lr0.001_daydecay2_maxnorm3.pth",2017-01-03,2020-12-28,0.8082900293951341,0.0025912573585653,0.0231177199630247,1622220.0417585587
"best_model_layers_2_seq_365_hunits[32, 148]_lr0.001_daydecay1_maxnorm8.pth",2017-01-03,2020-12-28,0.8062254663723077,0.0026309039951047,0.0235315297043536,1632392.62040876
"best_model_layers_2_seq_30_hunits[256, 148]_lr0.0001_daydecay1_maxnorm1.pth",2017-01-03,2020-12-28,0.805945650504537,0.0026301360784659,0.0235328287618902,1632165.2562820422
"best_model_layers_2_seq_30_hunits[32, 148]_lr0.0001_daydecay1_maxnorm8.pth",2017-01-03,2020-12-28,0.8053865772720189,0.0025804574654837,0.0231043624726642,1618916.4907522835
"best_model_layers_2_seq_180_hunits[256, 148]_lr0.0001_daydecay1_maxnorm1.pth",2017-01-03,2020-12-28,0.8050019651863964,0.0025950759422513,0.0232463516318093,1622709.9133112077
"best_model_layers_2_seq_30_hunits[256, 148]_lr0.001_daydecay2_maxnorm1.pth",2017-01-03,2020-12-28,0.8039571563137814,0.0026332660051774,0.0236191083791978,1632916.6681076435
best_model_layers_1_seq_180_hunits[148]_lr0.001_daydecay2_maxnorm15.pth,2017-01-03,2020-12-28,0.8038579986080415,0.0026465754797758,0.0237414160541817,1636316.1930758124
"best_model_layers_3_seq_30_hunits[32, 64, 148]_lr0.0001_daydecay1_maxnorm8.pth",2017-01-03,2020-12-28,0.8031276406160855,0.0026459699938595,0.0237575697902297,1635926.858028268
"best_model_layers_2_seq_180_hunits[32, 148]_lr0.001_daydecay1_maxnorm1.pth",2017-01-03,2020-12-28,0.8027545381261401,0.0026083037603769,0.0234302579515207,1625278.7028086523
"best_model_layers_2_seq_365_hunits[64, 148]_lr0.001_daydecay1_maxnorm3.pth",2017-01-03,2020-12-28,0.8000993448371484,0.0026433010159894,0.0238234349550076,1634482.2975260837
"best_model_layers_2_seq_180_hunits[32, 148]_lr0.001_daydecay2_maxnorm3.pth",2017-01-03,2020-12-28,0.7989811240984296,0.0026154807003171,0.0236056885214183,1626218.5291896602
"best_model_layers_2_seq_30_hunits[32, 148]_lr0.001_daydecay1_maxnorm3.pth",2017-01-03,2020-12-28,0.7977905072215263,0.0026348260732804,0.0238157772576856,1631865.066739648
best_model_layers_1_seq_180_hunits[148]_lr0.0001_daydecay1_maxnorm3.pth,2017-01-03,2020-12-28,0.7973491127935568,0.0025755367899292,0.0232927579875242,1615637.6673665773
"best_model_layers_2_seq_180_hunits[64, 148]_lr0.001_daydecay1_maxnorm3.pth",2017-01-03,2020-12-28,0.7972063462654855,0.0026993541412167,0.0244169149239362,1649098.5441290336
"best_model_layers_2_seq_180_hunits[32, 148]_lr0.001_daydecay10_maxnorm3.pth",2017-01-03,2020-12-28,0.7957365851763178,0.0026231190905312,0.0237711588451431,1627963.271781267
"best_model_layers_2_seq_30_hunits[64, 148]_lr0.001_daydecay1_maxnorm8.pth",2017-01-03,2020-12-28,0.7957085979483179,0.0025475310375278,0.0230869788395558,1607933.6574257442
"best_model_layers_2_seq_30_hunits[64, 148]_lr0.001_daydecay2_maxnorm1.pth",2017-01-03,2020-12-28,0.7955182016704525,0.0025650031320288,0.0232508829963558,1612616.5903608764
best_model_layers_1_seq_180_hunits[148]_lr0.001_daydecay5_maxnorm1.pth,2017-01-03,2020-12-28,0.7953540142693731,0.0025402790530161,0.0230315210970566,1605934.9840999723
best_model_layers_1_seq_180_hunits[148]_lr0.001_daydecay5_maxnorm15.pth,2017-01-03,2020-12-28,0.794333692658267,0.0025516539975949,0.0231643688555694,1608748.7134804227
"best_model_layers_2_seq_180_hunits[64, 148]_lr0.0001_daydecay1_maxnorm8.pth",2017-01-03,2020-12-28,0.7939142425249043,0.0025341004569344,0.0230171689717913,1603934.747299479
"best_model_layers_2_seq_60_hunits[64, 148]_lr0.001_daydecay5_maxnorm3.pth",2017-01-03,2020-12-28,0.793229314110951,0.0024937347384514,0.0226700862082234,1593019.279709773
"best_model_layers_2_seq_365_hunits[256, 148]_lr0.001_daydecay1_maxnorm15.pth",2017-01-03,2020-12-28,0.7929952655700025,0.0025123602062433,0.0228461478632773,1598065.2263574668
"best_model_layers_3_seq_180_hunits[32, 64, 148]_lr0.0001_daydecay1_maxnorm1.pth",2017-01-03,2020-12-28,0.7925065479751136,0.0025604324304308,0.0232976508241267,1610671.733331698
"best_model_layers_2_seq_30_hunits[32, 148]_lr0.001_daydecay2_maxnorm1.pth",2017-01-03,2020-12-28,0.7912146185440512,0.0025369237035909,0.0231214345156289,1604059.917329969
"best_model_layers_2_seq_60_hunits[32, 148]_lr0.001_daydecay10_maxnorm3.pth",2017-01-03,2020-12-28,0.7904877038944856,0.0025307925150338,0.0230867656398939,1601991.121597936
best_model_layers_1_seq_365_hunits[148]_lr0.0001_daydecay1_maxnorm1.pth,2017-01-03,2020-12-28,0.7902023337758377,0.0025262640517309,0.0230537779617876,1601097.111500415
"best_model_layers_2_seq_180_hunits[64, 148]_lr0.0001_daydecay1_maxnorm3.pth",2017-01-03,2020-12-28,0.7897298978162839,0.0025154762204845,0.0229690645377525,1598078.0616757509
"best_model_layers_2_seq_30_hunits[256, 148]_lr0.001_daydecay1_maxnorm3.pth",2017-01-03,2020-12-28,0.7893977367689541,0.0025470466421305,0.0232671233813987,1606160.462604741
"best_model_layers_3_seq_60_hunits[32, 64, 148]_lr0.001_daydecay1_maxnorm3.pth",2017-01-03,2020-12-28,0.7890650897875773,0.0027036814314599,0.0247083850491291,1648530.7585610077
"best_model_layers_2_seq_180_hunits[32, 148]_lr0.001_daydecay5_maxnorm8.pth",2017-01-03,2020-12-28,0.7886088595134487,0.0027066370087308,0.0247497055132464,1648770.83767059
"best_model_layers_2_seq_60_hunits[256, 148]_lr0.0001_daydecay1_maxnorm8.pth",2017-01-03,2020-12-28,0.7885143224759649,0.0024992680752208,0.0228562473489216,1593407.7656542216
best_model_layers_1_seq_365_hunits[148]_lr0.001_daydecay10_maxnorm15.pth,2017-01-03,2020-12-28,0.7884738752390572,0.0025709677280557,0.0235131594391952,1612455.3847942755
"best_model_layers_3_seq_30_hunits[32, 64, 148]_lr0.0001_daydecay1_maxnorm1.pth",2017-01-03,2020-12-28,0.7881231024245456,0.0025722990985571,0.023535806188515,1612932.0951971274
best_model_layers_1_seq_365_hunits[148]_lr0.001_daydecay1_maxnorm15.pth,2017-01-03,2020-12-28,0.7878997453610677,0.0025339993751522,0.0231919472823745,1602662.6080918245
"best_model_layers_3_seq_365_hunits[32, 64, 148]_lr0.001_daydecay1_maxnorm8.pth",2017-01-03,2020-12-28,0.7878247416486313,0.002528907454999,0.0231475479706851,1601048.1662314686
"best_model_layers_3_seq_365_hunits[32, 64, 148]_lr0.0001_daydecay1_maxnorm15.pth",2017-01-03,2020-12-28,0.7872307679118614,0.0025451464217145,0.0233137633870608,1605536.741185798
"best_model_layers_2_seq_60_hunits[64, 148]_lr0.0001_daydecay1_maxnorm8.pth",2017-01-03,2020-12-28,0.7862797440063379,0.0025344495888915,0.0232438594978057,1602604.0951344937
"best_model_layers_2_seq_180_hunits[256, 148]_lr0.0001_daydecay1_maxnorm15.pth",2017-01-03,2020-12-28,0.7860613650713462,0.0025436462231108,0.0233346842666259,1604971.634205065
"best_model_layers_2_seq_30_hunits[32, 148]_lr0.001_daydecay10_maxnorm15.pth",2017-01-03,2020-12-28,0.7859962929168598,0.0026172344266248,0.0240117491905363,1624575.7612200575
best_model_layers_1_seq_180_hunits[148]_lr0.001_daydecay2_maxnorm3.pth,2017-01-03,2020-12-28,0.7853794633276922,0.0025307469137349,0.0232365071631271,1601212.916507064
"best_model_layers_2_seq_365_hunits[32, 148]_lr0.001_daydecay1_maxnorm1.pth",2017-01-03,2020-12-28,0.7852542879319727,0.0024536294713854,0.0225320307218396,1580759.2221810753
"best_model_layers_3_seq_60_hunits[32, 64, 148]_lr0.001_daydecay1_maxnorm15.pth",2017-01-03,2020-12-28,0.7847340358683146,0.0025472691002237,0.0234074449009954,1605318.6368298505
best_model_layers_1_seq_30_hunits[148]_lr0.001_daydecay10_maxnorm1.pth,2017-01-03,2020-12-28,0.7844135208514817,0.0025260478258893,0.0232219224131468,1599761.0741372984
"best_model_layers_2_seq_365_hunits[64, 148]_lr0.0001_daydecay1_maxnorm1.pth",2017-01-03,2020-12-28,0.783160227262539,0.0024963033289044,0.0229852061893821,1591660.6692179616
"best_model_layers_2_seq_365_hunits[32, 148]_lr0.001_daydecay5_maxnorm3.pth",2017-01-03,2020-12-28,0.7831318307321258,0.0025626187728541,0.0235966743335007,1609047.9298937074
"best_model_layers_3_seq_365_hunits[32, 64, 148]_lr0.001_daydecay5_maxnorm1.pth",2017-01-03,2020-12-28,0.7825743339612263,0.0026674040927442,0.0245790382112079,1636656.8597523586
"best_model_layers_2_seq_60_hunits[64, 148]_lr0.001_daydecay2_maxnorm15.pth",2017-01-03,2020-12-28,0.7822603635103317,0.0025946466333404,0.0239182040011294,1617098.9900757256
best_model_layers_1_seq_30_hunits[148]_lr0.001_daydecay2_maxnorm8.pth,2017-01-03,2020-12-28,0.7822229430695288,0.0025379363473286,0.0233965513674372,1602448.1779624186
"best_model_layers_2_seq_30_hunits[64, 148]_lr0.001_daydecay2_maxnorm15.pth",2017-01-03,2020-12-28,0.7820341226849931,0.0024892225869401,0.0229530129515105,1589557.1502034722
"best_model_layers_3_seq_180_hunits[32, 64, 148]_lr0.001_daydecay2_maxnorm15.pth",2017-01-03,2020-12-28,0.7818899227763505,0.0025773537056646,0.0237700491337293,1612598.7959170914
"best_model_layers_2_seq_60_hunits[32, 148]_lr0.0001_daydecay1_maxnorm8.pth",2017-01-03,2020-12-28,0.7816100752128659,0.0024772602785904,0.0228551018989759,1586189.0354637846
"best_model_layers_2_seq_180_hunits[64, 148]_lr0.001_daydecay1_maxnorm8.pth",2017-01-03,2020-12-28,0.7816007916013293,0.0024738012447646,0.0228234600812819,1585595.164290789
"best_model_layers_2_seq_60_hunits[32, 148]_lr0.001_daydecay1_maxnorm1.pth",2017-01-03,2020-12-28,0.7811963821640002,0.0025352707416425,0.0234026907058995,1601166.0334433732
"best_model_layers_2_seq_30_hunits[32, 148]_lr0.0001_daydecay1_maxnorm1.pth",2017-01-03,2020-12-28,0.7795240340078242,0.0025611829626708,0.0236926023955322,1607958.8708114512
"best_model_layers_2_seq_30_hunits[32, 148]_lr0.001_daydecay2_maxnorm15.pth",2017-01-03,2020-12-28,0.7794843046580071,0.0024725146982445,0.02287352925668,1584446.970396972
best_model_layers_1_seq_60_hunits[148]_lr0.001_daydecay5_maxnorm1.pth,2017-01-03,2020-12-28,0.7779124739543803,0.0024934533138667,0.0231138439789293,1589813.0979321804
best_model_layers_1_seq_180_hunits[148]_lr0.001_daydecay1_maxnorm3.pth,2017-01-03,2020-12-28,0.7776195381069603,0.0025417657823241,0.0235705673772021,1602456.7780934311
"best_model_layers_3_seq_60_hunits[32, 64, 148]_lr0.001_daydecay10_maxnorm8.pth",2017-01-03,2020-12-28,0.7772243656200355,0.0025172584532254,0.0233551721437837,1595766.0644967805
"best_model_layers_2_seq_180_hunits[32, 148]_lr0.001_daydecay5_maxnorm1.pth",2017-01-03,2020-12-28,0.7771632767950722,0.0024548063168476,0.0227775303105599,1579479.7213112593
best_model_layers_1_seq_60_hunits[148]_lr0.001_daydecay2_maxnorm8.pth,2017-01-03,2020-12-28,0.776755992130944,0.002518080520556,0.0233768867561726,1595889.8746680492
best_model_layers_1_seq_365_hunits[148]_lr0.001_daydecay2_maxnorm15.pth,2017-01-03,2020-12-28,0.7759277707484159,0.0024919954054025,0.0231594165104653,1588835.0828007278
best_model_layers_1_seq_180_hunits[148]_lr0.0001_daydecay1_maxnorm15.pth,2017-01-03,2020-12-28,0.7758020123005672,0.0025073265288093,0.0233056739235445,1592960.8167520284
"best_model_layers_2_seq_365_hunits[64, 148]_lr0.001_daydecay2_maxnorm1.pth",2017-01-03,2020-12-28,0.774661197592543,0.0024736310332741,0.0230263334597535,1583883.6530893794
"best_model_layers_2_seq_30_hunits[256, 148]_lr0.0001_daydecay1_maxnorm3.pth",2017-01-03,2020-12-28,0.774475585628333,0.0024703555948302,0.0230013545451237,1582900.4483063766
"best_model_layers_2_seq_60_hunits[64, 148]_lr0.001_daydecay10_maxnorm1.pth",2017-01-03,2020-12-28,0.7738823559770346,0.0025237206966974,0.0235162471572418,1596894.213016264
"best_model_layers_3_seq_365_hunits[32, 64, 148]_lr0.001_daydecay1_maxnorm1.pth",2017-01-03,2020-12-28,0.7735676374360079,0.0025921119341272,0.0241633492352788,1615003.2555599152
"best_model_layers_3_seq_30_hunits[32, 64, 148]_lr0.001_daydecay2_maxnorm3.pth",2017-01-03,2020-12-28,0.7734732515092683,0.0025238687431631,0.0235300655795375,1596579.8413198611
"best_model_layers_3_seq_30_hunits[32, 64, 148]_lr0.001_daydecay10_maxnorm8.pth",2017-01-03,2020-12-28,0.7724622797937489,0.0024460970820372,0.0228348456222432,1576078.4988759928
"best_model_layers_3_seq_365_hunits[32, 64, 148]_lr0.0001_daydecay1_maxnorm3.pth",2017-01-03,2020-12-28,0.7721740443460224,0.0024276327730405,0.0226709367021207,1571338.6983384143
"best_model_layers_2_seq_60_hunits[32, 148]_lr0.001_daydecay1_maxnorm8.pth",2017-01-03,2020-12-28,0.7717604302928703,0.0024776463159958,0.023150398709603,1584153.199604067
"best_model_layers_2_seq_365_hunits[64, 148]_lr0.001_daydecay10_maxnorm1.pth",2017-01-03,2020-12-28,0.7715850422519414,0.0025158153992986,0.0235123827577032,1594245.3058583802
"best_model_layers_2_seq_60_hunits[256, 148]_lr0.001_daydecay2_maxnorm15.pth",2017-01-03,2020-12-28,0.7711566632154774,0.002532860755633,0.0236848354262195,1598683.9923032904
"best_model_layers_2_seq_365_hunits[32, 148]_lr0.0001_daydecay1_maxnorm15.pth",2017-01-03,2020-12-28,0.7707828297099242,0.0024355051462199,0.0227855067546251,1572944.8446290295
best_model_layers_1_seq_180_hunits[148]_lr0.001_daydecay2_maxnorm8.pth,2017-01-03,2020-12-28,0.77039984620571,0.0024914114113927,0.0233201282069159,1587531.3890583548
best_model_layers_1_seq_60_hunits[148]_lr0.001_daydecay10_maxnorm1.pth,2017-01-03,2020-12-28,0.7703285201912988,0.0024794286441023,0.0232101158813263,1584403.33769397
"best_model_layers_3_seq_60_hunits[32, 64, 148]_lr0.001_daydecay10_maxnorm1.pth",2017-01-03,2020-12-28,0.7702463885972688,0.0024847948299638,0.0232628294038699,1585619.6529911745
"best_model_layers_3_seq_30_hunits[32, 64, 148]_lr0.001_daydecay1_maxnorm8.pth",2017-01-03,2020-12-28,0.7690749866148531,0.0024277252416099,0.0227631583231984,1570649.268571534
best_model_layers_1_seq_60_hunits[148]_lr0.0001_daydecay1_maxnorm3.pth,2017-01-03,2020-12-28,0.7683995805709031,0.0025230443526925,0.0236776958601251,1595371.8561706643
"best_model_layers_3_seq_30_hunits[32, 64, 148]_lr0.001_daydecay5_maxnorm1.pth",2017-01-03,2020-12-28,0.7680435806649535,0.0026947822698573,0.0253011050278421,1640085.0491817151
best_model_layers_1_seq_30_hunits[148]_lr0.001_daydecay2_maxnorm15.pth,2017-01-03,2020-12-28,0.7679160542912767,0.0024873551416757,0.0233574658414402,1586034.4139907567
"best_model_layers_2_seq_180_hunits[64, 148]_lr0.001_daydecay5_maxnorm1.pth",2017-01-03,2020-12-28,0.7679059362762087,0.0024700361355214,0.0231951376285962,1581501.164090251
"best_model_layers_2_seq_180_hunits[64, 148]_lr0.0001_daydecay1_maxnorm15.pth",2017-01-03,2020-12-28,0.7675447219168176,0.0024864503329888,0.0233602653070096,1585590.1778477747
best_model_layers_1_seq_30_hunits[148]_lr0.001_daydecay1_maxnorm8.pth,2017-01-03,2020-12-28,0.7673687542338894,0.0024643682272496,0.0231581125917583,1579835.0077749474
best_model_layers_1_seq_365_hunits[148]_lr0.001_daydecay5_maxnorm1.pth,2017-01-03,2020-12-28,0.7669392323676342,0.0024578055221158,0.0231093767566174,1578142.3749152413
"best_model_layers_2_seq_180_hunits[32, 148]_lr0.0001_daydecay1_maxnorm1.pth",2017-01-03,2020-12-28,0.7665853673623274,0.0024279214457613,0.0228389312872275,1570199.0856728405
"best_model_layers_3_seq_60_hunits[32, 64, 148]_lr0.0001_daydecay1_maxnorm3.pth",2017-01-03,2020-12-28,0.7665200751246303,0.0025025454734339,0.0235429085720409,1589468.980309578
"best_model_layers_3_seq_30_hunits[32, 64, 148]_lr0.001_daydecay1_maxnorm3.pth",2017-01-03,2020-12-28,0.7661817223121761,0.0024961861577806,0.0234934531140238,1587491.115139771
"best_model_layers_3_seq_30_hunits[32, 64, 148]_lr0.001_daydecay10_maxnorm1.pth",2017-01-03,2020-12-28,0.7661174695847875,0.0024520591658449,0.0230800768913855,1576198.3930356284
"best_model_layers_2_seq_365_hunits[32, 148]_lr0.001_daydecay5_maxnorm1.pth",2017-01-03,2020-12-28,0.7660283610829965,0.0025155740457361,0.0236806668523471,1592821.8042581133
"best_model_layers_2_seq_30_hunits[32, 148]_lr0.001_daydecay2_maxnorm8.pth",2017-01-03,2020-12-28,0.7650542824824419,0.0025509898743568,0.0240446331869115,1601471.1106687342
"best_model_layers_3_seq_60_hunits[32, 64, 148]_lr0.0001_daydecay1_maxnorm1.pth",2017-01-03,2020-12-28,0.7648991201880541,0.0024565431283076,0.0231591120338181,1577249.41448338
best_model_layers_1_seq_60_hunits[148]_lr0.001_daydecay1_maxnorm3.pth,2017-01-03,2020-12-28,0.7638523916009023,0.002471634890204,0.0233333204918803,1580964.8328091851
"best_model_layers_3_seq_60_hunits[32, 64, 148]_lr0.001_daydecay5_maxnorm1.pth",2017-01-03,2020-12-28,0.7636789934047901,0.0025856835236812,0.0244155321994394,1610635.8935398827
"best_model_layers_2_seq_30_hunits[256, 148]_lr0.001_daydecay1_maxnorm15.pth",2017-01-03,2020-12-28,0.7635995493627123,0.002524501898658,0.0238402996654839,1594957.3901500576
best_model_layers_1_seq_60_hunits[148]_lr0.001_daydecay10_maxnorm15.pth,2017-01-03,2020-12-28,0.7634683800267389,0.0024560974615795,0.0231983028162916,1576776.8074815818
best_model_layers_1_seq_60_hunits[148]_lr0.001_daydecay2_maxnorm15.pth,2017-01-03,2020-12-28,0.7633454067992835,0.0024474249126533,0.0231201129575668,1574545.597505917
best_model_layers_1_seq_60_hunits[148]_lr0.0001_daydecay1_maxnorm1.pth,2017-01-03,2020-12-28,0.7631439629259231,0.0024665581828773,0.0233070100382694,1579509.2122274083
best_model_layers_1_seq_60_hunits[148]_lr0.001_daydecay5_maxnorm8.pth,2017-01-03,2020-12-28,0.7626710668513791,0.0024797771405415,0.023446447677261,1582758.4961204045
"best_model_layers_2_seq_365_hunits[32, 148]_lr0.001_daydecay10_maxnorm1.pth",2017-01-03,2020-12-28,0.7626086461630889,0.0024973650058537,0.0236146747809871,1587339.2509789085
"best_model_layers_2_seq_180_hunits[64, 148]_lr0.0001_daydecay1_maxnorm1.pth",2017-01-03,2020-12-28,0.7625070045100928,0.0024153158538775,0.0228418758282534,1565961.8415755937
"best_model_layers_3_seq_365_hunits[32, 64, 148]_lr0.001_daydecay2_maxnorm15.pth",2017-01-03,2020-12-28,0.7620344576738627,0.0024674135910164,0.0233490392215156,1578936.9851595787
"best_model_layers_3_seq_30_hunits[32, 64, 148]_lr0.001_daydecay1_maxnorm1.pth",2017-01-03,2020-12-28,0.7613206929645543,0.0024922958302881,0.0236066101782616,1585591.4612120185
"best_model_layers_2_seq_365_hunits[32, 148]_lr0.001_daydecay5_maxnorm15.pth",2017-01-03,2020-12-28,0.7611642153101609,0.0024691774252275,0.0233924444575952,1579468.010172933
"best_model_layers_2_seq_180_hunits[256, 148]_lr0.001_daydecay2_maxnorm8.pth",2017-01-03,2020-12-28,0.7611533815817991,0.0026458149355402,0.0250662261938687,1625055.1779565327
"best_model_layers_2_seq_365_hunits[32, 148]_lr0.001_daydecay5_maxnorm8.pth",2017-01-03,2020-12-28,0.7609095178191694,0.002443325647464,0.0231552785141572,1572984.740549676
"best_model_layers_2_seq_180_hunits[256, 148]_lr0.0001_daydecay2_maxnorm1.pth",2017-01-03,2020-12-28,0.7606798328380862,0.0024103791241513,0.0228499433014037,1564619.165975537
"best_model_layers_2_seq_30_hunits[32, 148]_lr0.0001_daydecay1_maxnorm3.pth",2017-01-03,2020-12-28,0.7605614167839146,0.0024826769589826,0.0235389775986179,1583072.0969440474
"best_model_layers_2_seq_30_hunits[64, 148]_lr0.0001_daydecay1_maxnorm8.pth",2017-01-03,2020-12-28,0.7602513372628732,0.0024889878131793,0.0236084377483184,1584526.5035341498
"best_model_layers_2_seq_30_hunits[32, 148]_lr0.001_daydecay5_maxnorm8.pth",2017-01-03,2020-12-28,0.7598195721667202,0.0025697132018101,0.024387981178064,1605506.6593514618
best_model_layers_1_seq_30_hunits[148]_lr0.001_daydecay5_maxnorm15.pth,2017-01-03,2020-12-28,0.7582262155006979,0.0024518981143375,0.0233187515618137,1574557.9949833546
"best_model_layers_2_seq_365_hunits[64, 148]_lr0.0001_daydecay1_maxnorm15.pth",2017-01-03,2020-12-28,0.7578996912859393,0.0024431229995823,0.023245306334176,1572228.9067198758
"best_model_layers_2_seq_30_hunits[32, 148]_lr0.001_daydecay2_maxnorm3.pth",2017-01-03,2020-12-28,0.757860460405252,0.0024378702462168,0.0231965292686275,1570872.5010400987
best_model_layers_1_seq_180_hunits[148]_lr0.001_daydecay10_maxnorm3.pth,2017-01-03,2020-12-28,0.757460148278737,0.0024481279550281,0.0233064429615442,1573497.0719499344
"best_model_layers_2_seq_30_hunits[64, 148]_lr0.0001_daydecay1_maxnorm1.pth",2017-01-03,2020-12-28,0.7571812374772299,0.0024543724925978,0.0233744985563411,1574863.846096362
"best_model_layers_3_seq_365_hunits[32, 64, 148]_lr0.0001_daydecay1_maxnorm1.pth",2017-01-03,2020-12-28,0.7567273585496382,0.0024782127282653,0.0236156997954825,1580842.8913683605
best_model_layers_1_seq_30_hunits[148]_lr0.001_daydecay5_maxnorm3.pth,2017-01-03,2020-12-28,0.7567186133431918,0.002450583216225,0.0233526790146066,1573914.8578125068
best_model_layers_1_seq_365_hunits[148]_lr0.001_daydecay5_maxnorm8.pth,2017-01-03,2020-12-28,0.755917571221193,0.0024275559369253,0.0231577561836568,1567793.7787756375
"best_model_layers_2_seq_30_hunits[32, 148]_lr0.001_daydecay10_maxnorm8.pth",2017-01-03,2020-12-28,0.7550317216753085,0.002429261647531,0.0232012170621301,1567930.1621440328
"best_model_layers_3_seq_180_hunits[32, 64, 148]_lr0.0001_daydecay1_maxnorm3.pth",2017-01-03,2020-12-28,0.7548915537212524,0.0024910289539733,0.0237955573299019,1583776.044413045
"best_model_layers_2_seq_365_hunits[64, 148]_lr0.001_daydecay2_maxnorm3.pth",2017-01-03,2020-12-28,0.7540899070341376,0.0024472274943425,0.0234019952561911,1572196.7672742952
best_model_layers_1_seq_60_hunits[148]_lr0.001_daydecay2_maxnorm1.pth,2017-01-03,2020-12-28,0.7540516102350334,0.0024317084633635,0.0232547731020808,1568380.370394748
best_model_layers_1_seq_60_hunits[148]_lr0.001_daydecay1_maxnorm15.pth,2017-01-03,2020-12-28,0.7539908766949186,0.0024520779732791,0.023451458465514,1573584.978500766
best_model_layers_1_seq_30_hunits[148]_lr0.001_daydecay1_maxnorm3.pth,2017-01-03,2020-12-28,0.7537736835336681,0.0024340461336054,0.0232857111710705,1568948.7560605244
best_model_layers_1_seq_180_hunits[148]_lr0.001_daydecay2_maxnorm1.pth,2017-01-03,2020-12-28,0.7534221571552604,0.0024164374068136,0.0231280402135035,1564489.4645587874
"best_model_layers_2_seq_30_hunits[256, 148]_lr0.001_daydecay2_maxnorm3.pth",2017-01-03,2020-12-28,0.7532166980753146,0.0025312894133509,0.0242339124881257,1593036.6215060789
"best_model_layers_2_seq_30_hunits[256, 148]_lr0.0001_daydecay2_maxnorm1.pth",2017-01-03,2020-12-28,0.7526602186224846,0.0024445292457465,0.0234205962314351,1571432.541354316
"best_model_layers_2_seq_60_hunits[64, 148]_lr0.0001_daydecay1_maxnorm15.pth",2017-01-03,2020-12-28,0.7520921471407555,0.0024127603923661,0.0231336847304077,1563210.988843939
"best_model_layers_2_seq_60_hunits[64, 148]_lr0.0001_daydecay1_maxnorm1.pth",2017-01-03,2020-12-28,0.75207105086748,0.0024371557705854,0.023368244494993,1569392.5139670805
"best_model_layers_2_seq_60_hunits[256, 148]_lr0.001_daydecay1_maxnorm8.pth",2017-01-03,2020-12-28,0.7520255309765268,0.0024294688712076,0.0232959500082612,1567315.785397977
"best_model_layers_3_seq_365_hunits[32, 64, 148]_lr0.0001_daydecay1_maxnorm8.pth",2017-01-03,2020-12-28,0.7516098036049205,0.0024597617925242,0.0235994720288009,1575119.9112121118
best_model_layers_1_seq_60_hunits[148]_lr0.001_daydecay1_maxnorm1.pth,2017-01-03,2020-12-28,0.7516093601455395,0.002439402376009,0.0234041533130618,1569909.3427742524
"best_model_layers_2_seq_60_hunits[256, 148]_lr0.0001_daydecay1_maxnorm15.pth",2017-01-03,2020-12-28,0.7514138818730182,0.0024251814490044,0.0232737677001478,1566230.3904978232
"best_model_layers_2_seq_60_hunits[256, 148]_lr0.001_daydecay2_maxnorm3.pth",2017-01-03,2020-12-28,0.7514127323053967,0.0025129541093201,0.0241161335295534,1588454.5056130467
"best_model_layers_2_seq_30_hunits[64, 148]_lr0.001_daydecay1_maxnorm15.pth",2017-01-03,2020-12-28,0.751063306536758,0.0024938039874963,0.0239434893693204,1583602.6839133257
"best_model_layers_3_seq_60_hunits[32, 64, 148]_lr0.0001_daydecay1_maxnorm15.pth",2017-01-03,2020-12-28,0.7509235571328303,0.0024808391941845,0.0238234447057864,1580236.5276009373
best_model_layers_1_seq_30_hunits[148]_lr0.001_daydecay10_maxnorm8.pth,2017-01-03,2020-12-28,0.7505468930525309,0.0024101843278357,0.0231565629217076,1562196.0754418585
best_model_layers_1_seq_365_hunits[148]_lr0.001_daydecay10_maxnorm8.pth,2017-01-03,2020-12-28,0.7504446404620728,0.002433873541493,0.0233873503219239,1568198.838502139
"best_model_layers_2_seq_60_hunits[256, 148]_lr0.001_daydecay10_maxnorm15.pth",2017-01-03,2020-12-28,0.7498496055936865,0.0022879878259559,0.0220029652948613,1530550.4079613087
best_model_layers_1_seq_180_hunits[148]_lr0.0001_daydecay1_maxnorm8.pth,2017-01-03,2020-12-28,0.7498042623054832,0.0024452289271718,0.0235165328350029,1570866.2939763477
best_model_layers_1_seq_365_hunits[148]_lr0.0001_daydecay1_maxnorm8.pth,2017-01-03,2020-12-28,0.7497017338267699,0.0024322824652419,0.0233952217239191,1567530.0513652917
best_model_layers_1_seq_30_hunits[148]_lr0.001_daydecay2_maxnorm3.pth,2017-01-03,2020-12-28,0.7496479346390416,0.0024326155882569,0.0234001051204831,1567731.0399969704
"best_model_layers_3_seq_180_hunits[32, 64, 148]_lr0.001_daydecay2_maxnorm3.pth",2017-01-03,2020-12-28,0.7495244788184954,0.0023866476787904,0.0229617065900524,1555996.8849616142
"best_model_layers_2_seq_180_hunits[32, 148]_lr0.0001_daydecay1_maxnorm3.pth",2017-01-03,2020-12-28,0.7493793615963567,0.0023269154185087,0.0223913635337613,1540729.3326791304
"best_model_layers_2_seq_180_hunits[256, 148]_lr0.0001_daydecay1_maxnorm3.pth",2017-01-03,2020-12-28,0.7491716771378213,0.002406522041728,0.0231638191399183,1560836.3573847285
"best_model_layers_2_seq_180_hunits[32, 148]_lr0.001_daydecay2_maxnorm15.pth",2017-01-03,2020-12-28,0.7491634544604947,0.0024125527514205,0.023222122217034,1562720.5872358282
"best_model_layers_2_seq_60_hunits[32, 148]_lr0.001_daydecay1_maxnorm15.pth",2017-01-03,2020-12-28,0.748720502897725,0.0024729810384479,0.0238178596762491,1577418.2143888252
"best_model_layers_2_seq_60_hunits[64, 148]_lr0.001_daydecay2_maxnorm3.pth",2017-01-03,2020-12-28,0.7480902580080009,0.0025218955638271,0.0243094296962405,1590384.7900750744
best_model_layers_1_seq_365_hunits[148]_lr0.001_daydecay10_maxnorm1.pth,2017-01-03,2020-12-28,0.7475883774607881,0.0024323831475024,0.0234623288009972,1567106.475973939
best_model_layers_1_seq_30_hunits[148]_lr0.0001_daydecay1_maxnorm8.pth,2017-01-03,2020-12-28,0.7466789416827391,0.0024050583450278,0.0232270141807878,1559892.3958012208
"best_model_layers_3_seq_180_hunits[32, 64, 148]_lr0.0001_daydecay1_maxnorm15.pth",2017-01-03,2020-12-28,0.7461476023434863,0.0024326880178518,0.0235105798317204,1566905.5256569586
"best_model_layers_2_seq_180_hunits[32, 148]_lr0.001_daydecay5_maxnorm3.pth",2017-01-03,2020-12-28,0.7459468894124474,0.0024196024138194,0.0233904067248918,1563486.2898330542
best_model_layers_1_seq_365_hunits[148]_lr0.001_daydecay1_maxnorm1.pth,2017-01-03,2020-12-28,0.7454360576604071,0.0023966991019912,0.0231848765974895,1557642.5113885
"best_model_layers_2_seq_30_hunits[64, 148]_lr0.0001_daydecay1_maxnorm3.pth",2017-01-03,2020-12-28,0.7453970126018469,0.0024269641921109,0.0234788808928197,1565424.2361082805
"best_model_layers_2_seq_180_hunits[64, 148]_lr0.001_daydecay5_maxnorm3.pth",2017-01-03,2020-12-28,0.7453364039989386,0.002607918806408,0.0252315194274733,1610980.125475004
"best_model_layers_2_seq_365_hunits[64, 148]_lr0.001_daydecay10_maxnorm15.pth",2017-01-03,2020-12-28,0.7452850555395081,0.0024454474831488,0.0236612453890273,1570036.527667124
best_model_layers_1_seq_30_hunits[148]_lr0.001_daydecay1_maxnorm1.pth,2017-01-03,2020-12-28,0.743569814860513,0.0024163895336672,0.0234340237890533,1562189.742798431
"best_model_layers_2_seq_60_hunits[64, 148]_lr0.001_daydecay5_maxnorm15.pth",2017-01-03,2020-12-28,0.7434947811367757,0.002324390650117,0.0225440981855777,1538791.9889453745
"best_model_layers_2_seq_60_hunits[256, 148]_lr0.001_daydecay10_maxnorm3.pth",2017-01-03,2020-12-28,0.7434544772018815,0.0024291529806084,0.0235614577519092,1565323.8425600913
best_model_layers_1_seq_60_hunits[148]_lr0.001_daydecay2_maxnorm3.pth,2017-01-03,2020-12-28,0.743286109084629,0.0023837057277311,0.0231258814658496,1553799.3853084664
"best_model_layers_2_seq_30_hunits[256, 148]_lr0.0001_daydecay1_maxnorm8.pth",2017-01-03,2020-12-28,0.7431800225916234,0.0023801465965122,0.0230946482305048,1552855.6762921377
"best_model_layers_2_seq_365_hunits[256, 148]_lr0.001_daydecay5_maxnorm1.pth",2017-01-03,2020-12-28,0.7423320817462615,0.0023871938346153,0.0231894861796343,1554552.216310482
"best_model_layers_2_seq_365_hunits[256, 148]_lr0.001_daydecay2_maxnorm1.pth",2017-01-03,2020-12-28,0.7420336851869272,0.0025371246494594,0.0246558429852555,1592639.1404248227
best_model_layers_1_seq_180_hunits[148]_lr0.001_daydecay1_maxnorm15.pth,2017-01-03,2020-12-28,0.7417629244070146,0.0024206551225098,0.0235325759140664,1562774.421737685
"best_model_layers_2_seq_60_hunits[64, 148]_lr0.001_daydecay5_maxnorm1.pth",2017-01-03,2020-12-28,0.7414103411763057,0.002354338520682,0.0228987587161284,1545807.4154572943
"best_model_layers_2_seq_365_hunits[256, 148]_lr0.0001_daydecay1_maxnorm15.pth",2017-01-03,2020-12-28,0.74066930162455,0.0024071135133336,0.0234354824188092,1559069.8646707286
best_model_layers_1_seq_180_hunits[148]_lr0.001_daydecay5_maxnorm3.pth,2017-01-03,2020-12-28,0.7402440248320975,0.0024265689494047,0.0236384718472052,1564062.6064994603
"best_model_layers_2_seq_60_hunits[64, 148]_lr0.0001_daydecay1_maxnorm3.pth",2017-01-03,2020-12-28,0.7401090254238161,0.0023816645207165,0.0232052664010668,1552526.6792285568
"best_model_layers_3_seq_365_hunits[32, 64, 148]_lr0.001_daydecay5_maxnorm8.pth",2017-01-03,2020-12-28,0.7390298839301181,0.0024440153955399,0.0238475412652624,1568126.2827835302
"best_model_layers_2_seq_30_hunits[32, 148]_lr0.0001_daydecay1_maxnorm15.pth",2017-01-03,2020-12-28,0.7389399967453558,0.002417009438545,0.0235868988073136,1561266.5405106675
"best_model_layers_2_seq_365_hunits[64, 148]_lr0.001_daydecay5_maxnorm8.pth",2017-01-03,2020-12-28,0.738845925965081,0.0024105575619318,0.0235269318989612,1559628.343610432
"best_model_layers_2_seq_60_hunits[256, 148]_lr0.0001_daydecay1_maxnorm3.pth",2017-01-03,2020-12-28,0.7388357063420312,0.0024218462028664,0.0236374354698025,1562569.3968087672
"best_model_layers_3_seq_60_hunits[32, 64, 148]_lr0.0001_daydecay1_maxnorm8.pth",2017-01-03,2020-12-28,0.7387010496177123,0.0023797922438277,0.0232312190825042,1551879.0315036648
best_model_layers_1_seq_60_hunits[148]_lr0.001_daydecay10_maxnorm3.pth,2017-01-03,2020-12-28,0.7383628065384045,0.0024229512838667,0.0236633671538504,1562709.2211381306
"best_model_layers_2_seq_30_hunits[64, 148]_lr0.001_daydecay1_maxnorm1.pth",2017-01-03,2020-12-28,0.7382445934676285,0.002395144124964,0.0233955386361063,1555347.5739949285
"best_model_layers_2_seq_365_hunits[32, 148]_lr0.001_daydecay2_maxnorm1.pth",2017-01-03,2020-12-28,0.7380518128153863,0.0023962525559448,0.0234124794747492,1555796.1208780028
"best_model_layers_2_seq_365_hunits[64, 148]_lr0.001_daydecay2_maxnorm15.pth",2017-01-03,2020-12-28,0.7379838526721963,0.0024689754544052,0.0241252367961344,1574086.1629840622
"best_model_layers_2_seq_365_hunits[64, 148]_lr0.001_daydecay5_maxnorm3.pth",2017-01-03,2020-12-28,0.7375463144073852,0.0023628498299327,0.0231019423502627,1547055.6000771574
best_model_layers_1_seq_60_hunits[148]_lr0.0001_daydecay1_maxnorm15.pth,2017-01-03,2020-12-28,0.7365274866846243,0.0023686250255238,0.0231904420032329,1548538.7239915268
best_model_layers_1_seq_180_hunits[148]_lr0.001_daydecay1_maxnorm1.pth,2017-01-03,2020-12-28,0.736500694124916,0.0023863491191101,0.0233648228134608,1552667.8581832675
"best_model_layers_2_seq_60_hunits[256, 148]_lr0.0001_daydecay1_maxnorm1.pth",2017-01-03,2020-12-28,0.7363109062356736,0.0024431066645307,0.0239267034503874,1567233.0589629395
"best_model_layers_2_seq_30_hunits[256, 148]_lr0.001_daydecay5_maxnorm3.pth",2017-01-03,2020-12-28,0.7358968176644657,0.0022725326861119,0.0222687010685795,1524064.5358271434
"best_model_layers_2_seq_60_hunits[32, 148]_lr0.001_daydecay5_maxnorm3.pth",2017-01-03,2020-12-28,0.7357333541822396,0.0023644580993308,0.0231746321336733,1547214.9275823105
"best_model_layers_2_seq_60_hunits[32, 148]_lr0.001_daydecay10_maxnorm15.pth",2017-01-03,2020-12-28,0.7356423763405069,0.0023490531150446,0.0230264914786841,1543633.706673866
best_model_layers_1_seq_30_hunits[148]_lr0.001_daydecay10_maxnorm15.pth,2017-01-03,2020-12-28,0.7353579322775764,0.0023201019454529,0.0227514960033818,1535786.8004174654
"best_model_layers_2_seq_60_hunits[32, 148]_lr0.001_daydecay2_maxnorm15.pth",2017-01-03,2020-12-28,0.7351823298348845,0.002375842582814,0.0233036674227216,1549889.7883917682
"best_model_layers_3_seq_30_hunits[32, 64, 148]_lr0.0001_daydecay1_maxnorm15.pth",2017-01-03,2020-12-28,0.7351615707253615,0.0023700384340888,0.0232473933328601,1548579.6112750245
"best_model_layers_2_seq_180_hunits[64, 148]_lr0.001_daydecay5_maxnorm15.pth",2017-01-03,2020-12-28,0.7350811904876292,0.0023839347064871,0.0233862570089587,1552044.830779044
"best_model_layers_2_seq_30_hunits[64, 148]_lr0.0001_daydecay1_maxnorm15.pth",2017-01-03,2020-12-28,0.734756825318129,0.0023740455491015,0.0232995262177158,1549282.149997319
"best_model_layers_2_seq_180_hunits[64, 148]_lr0.001_daydecay5_maxnorm8.pth",2017-01-03,2020-12-28,0.7344264458003442,0.0024356906389872,0.0239152812109483,1565152.8296091105
"best_model_layers_3_seq_30_hunits[32, 64, 148]_lr0.0001_daydecay1_maxnorm3.pth",2017-01-03,2020-12-28,0.7341232735614382,0.0023743497756756,0.023322622154598,1549277.7042155345
"best_model_layers_2_seq_60_hunits[64, 148]_lr0.001_daydecay1_maxnorm3.pth",2017-01-03,2020-12-28,0.7338000153382532,0.0023705416288318,0.0232954734661189,1548293.901809358
"best_model_layers_2_seq_365_hunits[32, 148]_lr0.0001_daydecay1_maxnorm3.pth",2017-01-03,2020-12-28,0.7336781421263783,0.0023532135941024,0.0231290310791182,1543917.0155376191
"best_model_layers_2_seq_30_hunits[64, 148]_lr0.001_daydecay5_maxnorm1.pth",2017-01-03,2020-12-28,0.733517279654515,0.0024018086994976,0.0236118348131431,1556224.3613858966
"best_model_layers_2_seq_365_hunits[256, 148]_lr0.0001_daydecay1_maxnorm1.pth",2017-01-03,2020-12-28,0.733234199921612,0.0023617430160562,0.0232269186155531,1545942.084013296
"best_model_layers_3_seq_30_hunits[32, 64, 148]_lr0.001_daydecay10_maxnorm15.pth",2017-01-03,2020-12-28,0.7327906507333877,0.00250624325456,0.0246629471979703,1581823.8978591335
"best_model_layers_2_seq_60_hunits[32, 148]_lr0.0001_daydecay1_maxnorm1.pth",2017-01-03,2020-12-28,0.7326047018480326,0.0023600437931639,0.0232301509589772,1545370.751871998
"best_model_layers_3_seq_365_hunits[32, 64, 148]_lr0.001_daydecay5_maxnorm15.pth",2017-01-03,2020-12-28,0.7325556687801068,0.0023967539676205,0.0235930720168148,1554489.2112262782
"best_model_layers_2_seq_365_hunits[256, 148]_lr0.0001_daydecay1_maxnorm3.pth",2017-01-03,2020-12-28,0.7322299500354474,0.002398902985215,0.0236247307765486,1555133.499829264
best_model_layers_1_seq_180_hunits[148]_lr0.001_daydecay10_maxnorm15.pth,2017-01-03,2020-12-28,0.732212338329247,0.0023457026152585,0.0231013617596315,1541792.5502924167
"best_model_layers_2_seq_60_hunits[64, 148]_lr0.001_daydecay10_maxnorm8.pth",2017-01-03,2020-12-28,0.731977543544534,0.0022947525722682,0.0226068357882967,1528471.4477123886
best_model_layers_1_seq_365_hunits[148]_lr0.001_daydecay2_maxnorm3.pth,2017-01-03,2020-12-28,0.7316523936562123,0.0023513253640743,0.0231744589069234,1543216.1605582356
"best_model_layers_2_seq_60_hunits[64, 148]_lr0.001_daydecay10_maxnorm15.pth",2017-01-03,2020-12-28,0.731114040425341,0.0023682296058977,0.0233582527594972,1547049.3753165556
"best_model_layers_2_seq_60_hunits[32, 148]_lr0.001_daydecay5_maxnorm15.pth",2017-01-03,2020-12-28,0.730554341080612,0.0024087016569722,0.0237756367819606,1557177.5303728762
"best_model_layers_3_seq_365_hunits[32, 64, 148]_lr0.001_daydecay2_maxnorm1.pth",2017-01-03,2020-12-28,0.7301128704370731,0.0023965834629504,0.0236703252647063,1553833.5566726516
"best_model_layers_2_seq_365_hunits[32, 148]_lr0.001_daydecay1_maxnorm3.pth",2017-01-03,2020-12-28,0.7289813003912539,0.0024312431028622,0.0240499219000077,1562448.2359501969
best_model_layers_1_seq_30_hunits[148]_lr0.0001_daydecay1_maxnorm15.pth,2017-01-03,2020-12-28,0.7269036357865231,0.0024083812485734,0.02389186586803,1556336.0426601595
"best_model_layers_3_seq_30_hunits[32, 64, 148]_lr0.001_daydecay5_maxnorm15.pth",2017-01-03,2020-12-28,0.7268846137514898,0.0022903369899249,0.0227214259293418,1526365.871719198
"best_model_layers_2_seq_30_hunits[64, 148]_lr0.001_daydecay10_maxnorm3.pth",2017-01-03,2020-12-28,0.7267635043966904,0.002172770319611,0.0215586906876048,1497323.9168040515
"best_model_layers_2_seq_30_hunits[32, 148]_lr0.001_daydecay1_maxnorm1.pth",2017-01-03,2020-12-28,0.7266039021800375,0.0023400421292357,0.0232234973095835,1538835.6745701549
best_model_layers_1_seq_365_hunits[148]_lr0.0001_daydecay1_maxnorm3.pth,2017-01-03,2020-12-28,0.7265175154728521,0.0023847241204258,0.0236697530642054,1550350.3870147974
best_model_layers_1_seq_180_hunits[148]_lr0.001_daydecay10_maxnorm1.pth,2017-01-03,2020-12-28,0.7252636511333096,0.0023687368596566,0.0235517172058127,1545855.3688732905
"best_model_layers_2_seq_60_hunits[64, 148]_lr0.001_daydecay2_maxnorm8.pth",2017-01-03,2020-12-28,0.7245271891578378,0.0023853475104588,0.0237409800141706,1549881.118250041
"best_model_layers_3_seq_60_hunits[32, 64, 148]_lr0.001_daydecay1_maxnorm8.pth",2017-01-03,2020-12-28,0.7233452287676038,0.0024333970845062,0.0242587843613764,1561668.465559506
best_model_layers_1_seq_30_hunits[148]_lr0.001_daydecay10_maxnorm3.pth,2017-01-03,2020-12-28,0.7225096388035348,0.0024214540453727,0.0241676408254683,1558157.7882614387
best_model_layers_1_seq_365_hunits[148]_lr0.001_daydecay2_maxnorm1.pth,2017-01-03,2020-12-28,0.7221970127167754,0.0023167634917528,0.0231327724029612,1532295.5413796855
"best_model_layers_2_seq_365_hunits[64, 148]_lr0.001_daydecay1_maxnorm8.pth",2017-01-03,2020-12-28,0.7216221499028044,0.002300958937796,0.0229932671387044,1528097.4965375448
best_model_layers_1_seq_30_hunits[148]_lr0.001_daydecay1_maxnorm15.pth,2017-01-03,2020-12-28,0.7215685749166127,0.0023655364130197,0.023640338916105,1544158.563932832
best_model_layers_1_seq_60_hunits[148]_lr0.001_daydecay1_maxnorm8.pth,2017-01-03,2020-12-28,0.7208820174839735,0.0023146378317073,0.023153706664725,1531507.190352826
best_model_layers_1_seq_60_hunits[148]_lr0.0001_daydecay1_maxnorm8.pth,2017-01-03,2020-12-28,0.720784164291129,0.0023456191727329,0.0234668035702961,1539164.846242622
"best_model_layers_2_seq_365_hunits[64, 148]_lr0.001_daydecay1_maxnorm1.pth",2017-01-03,2020-12-28,0.7197504504494115,0.0023505594139654,0.0235500026093358,1540157.6484057533
"best_model_layers_3_seq_30_hunits[32, 64, 148]_lr0.001_daydecay5_maxnorm3.pth",2017-01-03,2020-12-28,0.7195928571252853,0.0025361152773324,0.0254146315721909,1585811.5523919084
best_model_layers_1_seq_60_hunits[148]_lr0.001_daydecay5_maxnorm3.pth,2017-01-03,2020-12-28,0.7186947690850827,0.0023420118192593,0.0234988316746264,1537673.267809532
"best_model_layers_2_seq_60_hunits[32, 148]_lr0.0001_daydecay1_maxnorm3.pth",2017-01-03,2020-12-28,0.7182292512461964,0.0023031482899207,0.0231238681518416,1528105.6890491992
"best_model_layers_2_seq_30_hunits[32, 148]_lr0.001_daydecay1_maxnorm15.pth",2017-01-03,2020-12-28,0.7178743092398789,0.002387348519597,0.0239810991674139,1549097.103281043
best_model_layers_1_seq_60_hunits[148]_lr0.001_daydecay5_maxnorm15.pth,2017-01-03,2020-12-28,0.7172310898609561,0.002393141361518,0.0240608473624862,1549923.4565956397
best_model_layers_1_seq_365_hunits[148]_lr0.001_daydecay10_maxnorm3.pth,2017-01-03,2020-12-28,0.7166854498527988,0.0023035150229612,0.023177368902338,1527804.1879884475
"best_model_layers_3_seq_30_hunits[32, 64, 148]_lr0.001_daydecay2_maxnorm8.pth",2017-01-03,2020-12-28,0.7166171300078598,0.0022942846229947,0.0230866958165667,1525364.6703600169
"best_model_layers_2_seq_30_hunits[64, 148]_lr0.001_daydecay2_maxnorm8.pth",2017-01-03,2020-12-28,0.7157733516673179,0.0023861440691253,0.0240393548372124,1547574.184661153
"best_model_layers_3_seq_365_hunits[32, 64, 148]_lr0.001_daydecay10_maxnorm15.pth",2017-01-03,2020-12-28,0.7151398958761979,0.0023006567643616,0.0231986384174123,1526778.651435353
"best_model_layers_2_seq_60_hunits[256, 148]_lr0.001_daydecay10_maxnorm8.pth",2017-01-03,2020-12-28,0.7144595290618685,0.0024258890168443,0.024484710142511,1557128.5926412393
"best_model_layers_3_seq_30_hunits[32, 64, 148]_lr0.001_daydecay2_maxnorm1.pth",2017-01-03,2020-12-28,0.7133931271817041,0.0023316076497314,0.0235682980815419,1533702.7849213523
"best_model_layers_2_seq_180_hunits[64, 148]_lr0.001_daydecay10_maxnorm8.pth",2017-01-03,2020-12-28,0.7114780860707595,0.0024572728540775,0.0249054003113774,1564245.9675205683
best_model_layers_1_seq_365_hunits[148]_lr0.001_daydecay1_maxnorm3.pth,2017-01-03,2020-12-28,0.7113825925138112,0.0023120050062041,0.0234362006794159,1528671.3113816944
best_model_layers_1_seq_180_hunits[148]_lr0.001_daydecay5_maxnorm8.pth,2017-01-03,2020-12-28,0.7103308759992618,0.0023087579745859,0.0234379372804135,1527575.357627974
"best_model_layers_2_seq_365_hunits[32, 148]_lr0.001_daydecay1_maxnorm15.pth",2017-01-03,2020-12-28,0.7102069109294392,0.0023170450362389,0.0235261711964634,1529889.293631584
"best_model_layers_2_seq_30_hunits[64, 148]_lr0.001_daydecay2_maxnorm3.pth",2017-01-03,2020-12-28,0.7097732338845087,0.0023245282084098,0.0236165728617705,1531307.5920236371
"best_model_layers_2_seq_365_hunits[64, 148]_lr0.001_daydecay10_maxnorm3.pth",2017-01-03,2020-12-28,0.7095951304837037,0.0022413691370357,0.0227774149050776,1510890.0285028776
"best_model_layers_2_seq_180_hunits[32, 148]_lr0.0001_daydecay1_maxnorm8.pth",2017-01-03,2020-12-28,0.7093919195094998,0.0023340033478715,0.023725583887886,1533664.802897853
"best_model_layers_3_seq_365_hunits[32, 64, 148]_lr0.001_daydecay1_maxnorm3.pth",2017-01-03,2020-12-28,0.707711947224047,0.0022792049135025,0.0232235451588934,1519446.5966773296
best_model_layers_1_seq_365_hunits[148]_lr0.0001_daydecay1_maxnorm15.pth,2017-01-03,2020-12-28,0.7047426837614769,0.0022976711131424,0.0235103427207519,1523428.8306154008
"best_model_layers_3_seq_30_hunits[32, 64, 148]_lr0.001_daydecay10_maxnorm3.pth",2017-01-03,2020-12-28,0.7042457455869882,0.0023402750157488,0.0239631737098723,1533629.5798796348
"best_model_layers_2_seq_180_hunits[256, 148]_lr0.001_daydecay1_maxnorm15.pth",2017-01-03,2020-12-28,0.7028233330812724,0.002329349408153,0.0238995728634872,1530660.2172462724
"best_model_layers_3_seq_365_hunits[32, 64, 148]_lr0.001_daydecay1_maxnorm15.pth",2017-01-03,2020-12-28,0.7028087344628463,0.002330722885203,0.0239141617325511,1530746.6217384532
best_model_layers_1_seq_30_hunits[148]_lr0.001_daydecay5_maxnorm8.pth,2017-01-03,2020-12-28,0.7025251870622173,0.0023011332429912,0.0236200895059006,1523769.6963579347
"best_model_layers_2_seq_180_hunits[32, 148]_lr0.001_daydecay1_maxnorm15.pth",2017-01-03,2020-12-28,0.702046523805267,0.0022822015460753,0.0234417361707502,1519284.149282945
"best_model_layers_2_seq_30_hunits[256, 148]_lr0.001_daydecay1_maxnorm8.pth",2017-01-03,2020-12-28,0.7019686765489407,0.0022712267364026,0.0233315950693519,1516273.018442426
best_model_layers_1_seq_30_hunits[148]_lr0.0001_daydecay1_maxnorm1.pth,2017-01-03,2020-12-28,0.701599487446734,0.0023445359530349,0.0240973511158051,1534212.4871238142
"best_model_layers_2_seq_30_hunits[32, 148]_lr0.001_daydecay5_maxnorm15.pth",2017-01-03,2020-12-28,0.7008578786809401,0.0020063893001712,0.020643670337058,1451727.8333520638
"best_model_layers_2_seq_60_hunits[256, 148]_lr0.001_daydecay5_maxnorm15.pth",2017-01-03,2020-12-28,0.7007389909355953,0.002477110060346,0.0254912241307445,1566059.2001561758
"best_model_layers_2_seq_60_hunits[64, 148]_lr0.001_daydecay5_maxnorm8.pth",2017-01-03,2020-12-28,0.700268444460821,0.0023293254853765,0.023986522714833,1530019.3492368811
"best_model_layers_2_seq_180_hunits[64, 148]_lr0.001_daydecay1_maxnorm15.pth",2017-01-03,2020-12-28,0.699806120891235,0.0022578727143141,0.0232660892835948,1512552.7307341802
"best_model_layers_2_seq_365_hunits[256, 148]_lr0.001_daydecay2_maxnorm8.pth",2017-01-03,2020-12-28,0.6997666517854992,0.0023298548556109,0.0240091782735283,1530156.547947079
"best_model_layers_2_seq_365_hunits[256, 148]_lr0.0001_daydecay1_maxnorm8.pth",2017-01-03,2020-12-28,0.6987027657144016,0.0022492070895262,0.0232133945602233,1510337.703986302
"best_model_layers_2_seq_365_hunits[256, 148]_lr0.001_daydecay10_maxnorm8.pth",2017-01-03,2020-12-28,0.697866872973715,0.0022869021257566,0.023630704352673,1518667.1116413272
"best_model_layers_2_seq_180_hunits[32, 148]_lr0.001_daydecay1_maxnorm3.pth",2017-01-03,2020-12-28,0.697256100379222,0.0022817129447409,0.0235977369396379,1517775.790553896
"best_model_layers_2_seq_365_hunits[32, 148]_lr0.001_daydecay10_maxnorm15.pth",2017-01-03,2020-12-28,0.6970629385103271,0.0023196036728532,0.0239962549123619,1527042.9940832253
"best_model_layers_2_seq_60_hunits[32, 148]_lr0.001_daydecay2_maxnorm1.pth",2017-01-03,2020-12-28,0.6967939937653109,0.002286359116408,0.0236614698234912,1518619.469519702
"best_model_layers_2_seq_365_hunits[32, 148]_lr0.001_daydecay2_maxnorm3.pth",2017-01-03,2020-12-28,0.6951688496964429,0.0021483269336252,0.0222849539907566,1485364.2813819076
best_model_layers_1_seq_365_hunits[148]_lr0.001_daydecay5_maxnorm3.pth,2017-01-03,2020-12-28,0.695116998208214,0.0022620799994494,0.0234666838769302,1512743.3045860955
"best_model_layers_2_seq_365_hunits[64, 148]_lr0.0001_daydecay1_maxnorm8.pth",2017-01-03,2020-12-28,0.6950690130021607,0.0022529625156965,0.023373713171175,1510395.608358836
"best_model_layers_2_seq_30_hunits[256, 148]_lr0.0001_daydecay1_maxnorm15.pth",2017-01-03,2020-12-28,0.6940031881707243,0.0023200655250693,0.0241068495236248,1526271.9067757896
"best_model_layers_2_seq_365_hunits[256, 148]_lr0.001_daydecay1_maxnorm3.pth",2017-01-03,2020-12-28,0.6935665492438973,0.0022175461415626,0.0230561186315228,1500490.0209827565
"best_model_layers_2_seq_180_hunits[64, 148]_lr0.001_daydecay2_maxnorm1.pth",2017-01-03,2020-12-28,0.6928448592177169,0.0023331713732474,0.0242835575923496,1529422.9142322794
"best_model_layers_2_seq_365_hunits[256, 148]_lr0.001_daydecay5_maxnorm3.pth",2017-01-03,2020-12-28,0.6913196316401844,0.0022099977976565,0.0230523191109394,1499266.928099509
"best_model_layers_2_seq_365_hunits[256, 148]_lr0.001_daydecay10_maxnorm3.pth",2017-01-03,2020-12-28,0.6909343860559353,0.0022481642450998,0.0234635057248873,1508354.821609446
best_model_layers_1_seq_30_hunits[148]_lr0.0001_daydecay1_maxnorm3.pth,2017-01-03,2020-12-28,0.6904217441782333,0.0022568195362706,0.0235713276011546,1510222.79065962
"best_model_layers_2_seq_180_hunits[256, 148]_lr0.001_daydecay2_maxnorm1.pth",2017-01-03,2020-12-28,0.6881408507238295,0.0023378957804626,0.024499063249282,1527931.8856756715
"best_model_layers_2_seq_30_hunits[64, 148]_lr0.001_daydecay5_maxnorm15.pth",2017-01-03,2020-12-28,0.6880636645269206,0.0022788616467947,0.0238831170451537,1514728.8231555244
"best_model_layers_2_seq_30_hunits[64, 148]_lr0.001_daydecay10_maxnorm8.pth",2017-01-03,2020-12-28,0.6878143486363592,0.0022531199831414,0.0236218963593731,1508739.0323249523
"best_model_layers_2_seq_365_hunits[32, 148]_lr0.0001_daydecay1_maxnorm1.pth",2017-01-03,2020-12-28,0.6865122594403633,0.0021596934917166,0.0226853505282423,1486083.0985214626
"best_model_layers_2_seq_180_hunits[32, 148]_lr0.001_daydecay10_maxnorm8.pth",2017-01-03,2020-12-28,0.686449006655596,0.0022351044735703,0.0234796283695984,1503942.3518250303
"best_model_layers_3_seq_180_hunits[32, 64, 148]_lr0.001_daydecay1_maxnorm8.pth",2017-01-03,2020-12-28,0.6820160041759595,0.0023368318232026,0.0247078277022932,1527040.7957031382
"best_model_layers_3_seq_180_hunits[32, 64, 148]_lr0.001_daydecay1_maxnorm3.pth",2017-01-03,2020-12-28,0.6809900889402584,0.0023163143100174,0.0245277872629701,1522270.2978813385
"best_model_layers_2_seq_365_hunits[64, 148]_lr0.001_daydecay5_maxnorm15.pth",2017-01-03,2020-12-28,0.6808220135779056,0.0021986601594552,0.0232876780836601,1494055.379718036
"best_model_layers_2_seq_30_hunits[256, 148]_lr0.001_daydecay5_maxnorm8.pth",2017-01-03,2020-12-28,0.6804901624374317,0.0022780861592577,0.0241407059514515,1513122.06832501
"best_model_layers_3_seq_60_hunits[32, 64, 148]_lr0.001_daydecay1_maxnorm1.pth",2017-01-03,2020-12-28,0.6799017287342797,0.0025126114296433,0.0266489963535205,1568126.8072956337
"best_model_layers_2_seq_60_hunits[256, 148]_lr0.0001_daydecay2_maxnorm1.pth",2017-01-03,2020-12-28,0.6786229938959489,0.0022344980626743,0.0237439562536617,1502033.8348830338
"best_model_layers_2_seq_365_hunits[256, 148]_lr0.001_daydecay10_maxnorm1.pth",2017-01-03,2020-12-28,0.6785978084123448,0.0022349786143665,0.0237499440574894,1502036.5583972903
"best_model_layers_2_seq_30_hunits[64, 148]_lr0.001_daydecay5_maxnorm8.pth",2017-01-03,2020-12-28,0.676620809094276,0.0022110258261284,0.0235640609343733,1496064.6169735843
"best_model_layers_2_seq_365_hunits[256, 148]_lr0.0001_daydecay2_maxnorm1.pth",2017-01-03,2020-12-28,0.6752268347211453,0.002201193871582,0.02350770722702,1493271.473048868
"best_model_layers_2_seq_180_hunits[32, 148]_lr0.001_daydecay5_maxnorm15.pth",2017-01-03,2020-12-28,0.674957155802709,0.0023145387679258,0.0247280531365906,1519192.2891207864
"best_model_layers_2_seq_180_hunits[256, 148]_lr0.001_daydecay5_maxnorm1.pth",2017-01-03,2020-12-28,0.6710910483987624,0.0025707979281026,0.0276241018882517,1579674.1939579602
"best_model_layers_2_seq_365_hunits[256, 148]_lr0.001_daydecay2_maxnorm15.pth",2017-01-03,2020-12-28,0.670584088054295,0.0023809612279733,0.0256035833395874,1533885.045813929
"best_model_layers_3_seq_60_hunits[32, 64, 148]_lr0.001_daydecay2_maxnorm1.pth",2017-01-03,2020-12-28,0.6701504061059649,0.0023516519349604,0.0253047720520315,1527050.9925225368
"best_model_layers_2_seq_180_hunits[256, 148]_lr0.001_daydecay1_maxnorm8.pth",2017-01-03,2020-12-28,0.6697072837620826,0.0020969180659227,0.0225786572445795,1467739.9505690306
best_model_layers_1_seq_60_hunits[148]_lr0.001_daydecay10_maxnorm8.pth,2017-01-03,2020-12-28,0.6694751407025755,0.0022079299960366,0.0237822267903501,1492541.9803615368
"best_model_layers_2_seq_365_hunits[256, 148]_lr0.001_daydecay2_maxnorm3.pth",2017-01-03,2020-12-28,0.6622330856668646,0.0020812857580703,0.0226632667018102,1461830.8406446406
"best_model_layers_2_seq_180_hunits[64, 148]_lr0.001_daydecay10_maxnorm3.pth",2017-01-03,2020-12-28,0.6620419749417977,0.0022474598335436,0.0244798123868201,1500663.1502010494
"best_model_layers_2_seq_365_hunits[32, 148]_lr0.001_daydecay10_maxnorm3.pth",2017-01-03,2020-12-28,0.6600867106175035,0.0021315928686041,0.0232865387608727,1473358.0077034617
"best_model_layers_3_seq_180_hunits[32, 64, 148]_lr0.001_daydecay10_maxnorm1.pth",2017-01-03,2020-12-28,0.6560284551987116,0.0023836820261417,0.026201570073825,1531004.5742942546
"best_model_layers_3_seq_180_hunits[32, 64, 148]_lr0.001_daydecay10_maxnorm15.pth",2017-01-03,2020-12-28,0.646061142060303,0.0021818654039116,0.0243531984136266,1481284.1672684592
"best_model_layers_3_seq_60_hunits[32, 64, 148]_lr0.001_daydecay10_maxnorm15.pth",2017-01-03,2020-12-28,0.645262025474191,0.0020659529032431,0.0230879823428718,1454933.3618003074
"best_model_layers_3_seq_60_hunits[32, 64, 148]_lr0.001_daydecay5_maxnorm3.pth",2017-01-03,2020-12-28,0.6450526755972957,0.0020557584452461,0.0229815107035705,1452444.102437426
"best_model_layers_2_seq_365_hunits[32, 148]_lr0.001_daydecay2_maxnorm15.pth",2017-01-03,2020-12-28,0.640876845517656,0.0020705366540483,0.0232975371980207,1454650.342669601
"best_model_layers_2_seq_60_hunits[32, 148]_lr0.001_daydecay5_maxnorm8.pth",2017-01-03,2020-12-28,0.6327743321219242,0.0021285822469545,0.0242573443511872,1465582.350026928
"best_model_layers_2_seq_180_hunits[64, 148]_lr0.001_daydecay2_maxnorm8.pth",2017-01-03,2020-12-28,0.6295216190937574,0.0020769116055965,0.0237907994307314,1453390.231552968
"best_model_layers_2_seq_180_hunits[32, 148]_lr0.001_daydecay10_maxnorm1.pth",2017-01-03,2020-12-28,0.6276342498386179,0.0020096542441442,0.0230895985204091,1437492.5345183834
"best_model_layers_3_seq_60_hunits[32, 64, 148]_lr0.001_daydecay5_maxnorm15.pth",2017-01-03,2020-12-28,0.6212131520073612,0.002188845346719,0.0254083291899222,1475530.787320051
"best_model_layers_2_seq_365_hunits[64, 148]_lr0.001_daydecay5_maxnorm1.pth",2017-01-03,2020-12-28,0.6201653436973656,0.0020197332203502,0.0234848714548115,1438263.4452134315
"best_model_layers_2_seq_30_hunits[64, 148]_lr0.001_daydecay10_maxnorm15.pth",2017-01-03,2020-12-28,0.6194667706132234,0.0020061311586258,0.0233530161773524,1434735.1576750006
"best_model_layers_3_seq_365_hunits[32, 64, 148]_lr0.001_daydecay5_maxnorm3.pth",2017-01-03,2020-12-28,0.6100623832947477,0.0020336517274109,0.0240383140491835,1438641.695145248
"best_model_layers_2_seq_365_hunits[256, 148]_lr0.001_daydecay5_maxnorm8.pth",2017-01-03,2020-12-28,0.6030191258972978,0.0020846330318719,0.0249287326525702,1446884.906886323
"best_model_layers_3_seq_180_hunits[32, 64, 148]_lr0.001_daydecay2_maxnorm1.pth",2017-01-03,2020-12-28,0.6020748233947898,0.0020245595939925,0.0242483264296415,1434157.3987615956
"best_model_layers_2_seq_365_hunits[256, 148]_lr0.001_daydecay5_maxnorm15.pth",2017-01-03,2020-12-28,0.5969517949240879,0.0021356886905302,0.0257988505859662,1456487.4766105772
"best_model_layers_2_seq_30_hunits[32, 148]_lr0.001_daydecay5_maxnorm1.pth",2017-01-03,2020-12-28,0.5909860426642886,0.0019846916225071,0.0242168406504935,1422812.9115478802
"best_model_layers_2_seq_60_hunits[256, 148]_lr0.001_daydecay5_maxnorm1.pth",2017-01-03,2020-12-28,0.5869065808857354,0.0021208784525465,0.0260584435708417,1450437.4887499523
"best_model_layers_2_seq_30_hunits[32, 148]_lr0.001_daydecay10_maxnorm1.pth",2017-01-03,2020-12-28,0.5862435408605479,0.0019111390642375,0.0235080112969286,1405964.4609214554
"best_model_layers_2_seq_60_hunits[64, 148]_lr0.001_daydecay10_maxnorm3.pth",2017-01-03,2020-12-28,0.5653681361449412,0.0017783013050799,0.0226817046408382,1372813.5230579365
"best_model_layers_3_seq_180_hunits[32, 64, 148]_lr0.001_daydecay1_maxnorm1.pth",2017-01-03,2020-12-28,0.5428237045287735,0.0018480820864461,0.0245507138629203,1380065.6488574313
"best_model_layers_3_seq_30_hunits[32, 64, 148]_lr0.001_daydecay5_maxnorm8.pth",2017-01-03,2020-12-28,0.5419168436607155,0.0017952500231309,0.0238887795660735,1369878.746425437
best_model_layers_1_seq_30_hunits[148]_lr0.001_daydecay5_maxnorm1.pth,2017-01-03,2020-12-28,0.541915452776109,0.0018482319878811,0.0245938556175903,1380022.2573779102
"best_model_layers_2_seq_60_hunits[256, 148]_lr0.001_daydecay1_maxnorm15.pth",2017-01-03,2020-12-28,0.5201776171586288,0.0018099418646054,0.0250908073826393,1366769.1129782426
"best_model_layers_2_seq_30_hunits[256, 148]_lr0.001_daydecay10_maxnorm3.pth",2017-01-03,2020-12-28,0.5163375877014134,0.001883005741961,0.0262978094810317,1378127.160780996
"best_model_layers_3_seq_60_hunits[32, 64, 148]_lr0.001_daydecay5_maxnorm8.pth",2017-01-03,2020-12-28,0.5056392999799924,0.0017158380507545,0.0244701789304457,1343783.4719297646
Random Baseline,2017-01-03,2020-12-28,0.497686901580355,0.0016504642454491,0.0239139645684497,1328582.063389216
"best_model_layers_2_seq_60_hunits[32, 148]_lr0.001_daydecay10_maxnorm8.pth",2017-01-03,2020-12-28,0.4810407466921338,0.0017276337518353,0.0258983136888028,1337377.1327480888
"best_model_layers_2_seq_30_hunits[256, 148]_lr0.001_daydecay5_maxnorm1.pth",2017-01-03,2020-12-28,0.4760512768367635,0.0018139107216228,0.0274766540250979,1350339.68319377
"best_model_layers_3_seq_365_hunits[32, 64, 148]_lr0.001_daydecay10_maxnorm1.pth",2017-01-03,2020-12-28,0.4655713548007005,0.001668525708851,0.0258433210534076,1322048.642746035
"best_model_layers_2_seq_30_hunits[256, 148]_lr0.001_daydecay1_maxnorm1.pth",2017-01-03,2020-12-28,0.4463674735295289,0.001455588434862,0.02351514861228,1278786.4316514384
"best_model_layers_2_seq_30_hunits[256, 148]_lr0.001_daydecay5_maxnorm15.pth",2017-01-03,2020-12-28,0.4313314225705623,0.001449529109328,0.0242335765746575,1271815.0184454657
"best_model_layers_2_seq_180_hunits[256, 148]_lr0.001_daydecay10_maxnorm3.pth",2017-01-03,2020-12-28,0.4147169733560274,0.0016574362974657,0.0288195176000082,1296276.0915952935
"best_model_layers_2_seq_30_hunits[256, 148]_lr0.001_daydecay10_maxnorm8.pth",2017-01-03,2020-12-28,0.2572237472243297,0.0009113764593777,0.0255498537051605,1130748.7447877135
